{"stats":{"minecraft:custom":{"minecraft:interact_with_furnace":33,"minecraft:mob_kills":50,"minecraft:interact_with_crafting_table":10,"minecraft:leave_game":1,"minecraft:time_since_death":149854,"minecraft:sleep_in_bed":9,"minecraft:climb_one_cm":3649,"minecraft:time_since_rest":7399,"minecraft:sprint_one_cm":256549,"minecraft:damage_taken":955,"minecraft:walk_one_cm":107025,"minecraft:drop":14,"minecraft:damage_dealt":4959,"minecraft:swim_one_cm":55295,"minecraft:fly_one_cm":517128,"minecraft:open_chest":11,"minecraft:crouch_one_cm":16244,"minecraft:play_time":149854,"minecraft:sneak_time":5393,"minecraft:walk_under_water_one_cm":14065,"minecraft:boat_one_cm":595646,"minecraft:jump":2626,"minecraft:walk_on_water_one_cm":19589,"minecraft:total_world_time":149854,"minecraft:fall_one_cm":81619},"minecraft:used":{"minecraft:stone_sword":20,"minecraft:stone_pickaxe":59,"minecraft:oak_planks":5,"minecraft:wooden_pickaxe":6,"minecraft:mutton":2,"minecraft:crafting_table":8,"minecraft:white_bed":12,"minecraft:melon_slice":25,"minecraft:iron_pickaxe":1,"minecraft:stone_axe":69,"minecraft:cobblestone":3,"minecraft:cooked_porkchop":5,"minecraft:oak_sapling":1,"minecraft:furnace":3,"minecraft:cooked_cod":2,"minecraft:oak_boat":13,"minecraft:cooked_beef":7},"minecraft:dropped":{"minecraft:kelp":1,"minecraft:wheat_seeds":7,"minecraft:oak_planks":11,"minecraft:apple":1,"minecraft:stick":6,"minecraft:filled_map":1,"minecraft:dirt":4,"minecraft:melon_slice":3},"minecraft:killed":{"minecraft:pig":14,"minecraft:sheep":7,"minecraft:drowned":1,"minecraft:cow":28},"minecraft:mined":{"minecraft:white_bed":11,"minecraft:kelp_plant":1,"minecraft:jungle_leaves":1,"minecraft:crafting_table":7,"minecraft:grass_block":12,"minecraft:melon":6,"minecraft:tall_grass":25,"minecraft:sugar_cane":7,"minecraft:tall_seagrass":2,"minecraft:furnace":3,"minecraft:iron_ore":5,"minecraft:birch_leaves":1,"minecraft:gold_block":1,"minecraft:grass":153,"minecraft:oak_log":10,"minecraft:coal_ore":22,"minecraft:vine":1,"minecraft:sand":11,"minecraft:bamboo":4,"minecraft:stone":35,"minecraft:oak_leaves":30,"minecraft:fern":13},"minecraft:crafted":{"minecraft:cooked_beef":34,"minecraft:oak_planks":40,"minecraft:cooked_porkchop":5,"minecraft:crafting_table":1,"minecraft:wooden_pickaxe":1,"minecraft:furnace":3,"minecraft:stone_axe":1,"minecraft:air":0,"minecraft:oak_boat":1,"minecraft:stick":12,"minecraft:iron_pickaxe":1,"minecraft:stone_pickaxe":1,"minecraft:stone_sword":1,"minecraft:white_bed":1},"minecraft:picked_up":{"minecraft:crafting_table":7,"minecraft:leather":21,"minecraft:gold_block":1,"minecraft:oak_log":10,"minecraft:dirt":4,"minecraft:apple":2,"minecraft:kelp":1,"minecraft:wheat_seeds":22,"minecraft:beef":57,"minecraft:oak_boat":13,"minecraft:bamboo":21,"minecraft:melon_slice":28,"minecraft:sugar_cane":12,"minecraft:furnace":3,"minecraft:stick":3,"minecraft:raw_iron":5,"minecraft:porkchop":32,"minecraft:sand":11,"minecraft:white_bed":11,"minecraft:oak_sapling":1,"minecraft:mutton":9,"minecraft:coal":38,"minecraft:white_wool":7,"minecraft:cobblestone":35}},"DataVersion":3218}