{"stats":{"minecraft:mined":{"minecraft:grass_block":2,"minecraft:dirt":10,"minecraft:spruce_leaves":10,"minecraft:spruce_log":23,"minecraft:stone":13,"minecraft:crafting_table":1},"minecraft:dropped":{"minecraft:dirt":1},"minecraft:picked_up":{"minecraft:crafting_table":1,"minecraft:stick":4,"minecraft:spruce_sapling":4,"minecraft:spruce_log":23,"minecraft:dirt":12,"minecraft:cobblestone":13},"minecraft:custom":{"minecraft:time_since_rest":17766,"minecraft:sprint_one_cm":10261,"minecraft:crouch_one_cm":1834,"minecraft:play_time":17766,"minecraft:walk_one_cm":6595,"minecraft:sneak_time":1021,"minecraft:drop":1,"minecraft:jump":112,"minecraft:damage_dealt":8,"minecraft:time_since_death":17766,"minecraft:total_world_time":17766,"minecraft:fall_one_cm":3404,"minecraft:fly_one_cm":28367,"minecraft:interact_with_crafting_table":2},"minecraft:crafted":{"minecraft:stone_axe":1,"minecraft:crafting_table":1,"minecraft:spruce_planks":60,"minecraft:stick":8,"minecraft:wooden_pickaxe":1,"minecraft:stone_pickaxe":1},"minecraft:used":{"minecraft:stone_axe":8,"minecraft:dirt":8,"minecraft:crafting_table":1,"minecraft:stone_pickaxe":1,"minecraft:wooden_pickaxe":13,"minecraft:spruce_log":2}},"DataVersion":3218}