{"stats":{"minecraft:dropped":{"minecraft:dirt":3},"minecraft:mined":{"minecraft:large_fern":15,"minecraft:furnace":1,"minecraft:iron_ore":2,"minecraft:ice":2,"minecraft:spruce_log":23,"minecraft:crafting_table":3,"minecraft:grass":2,"minecraft:spruce_fence":1,"minecraft:grass_block":11,"minecraft:coal_ore":54,"minecraft:dirt":18,"minecraft:spruce_leaves":17,"minecraft:stone":36,"minecraft:fern":7},"minecraft:picked_up":{"minecraft:raw_iron":2,"minecraft:stick":4,"minecraft:crafting_table":3,"minecraft:spruce_fence":1,"minecraft:porkchop":9,"minecraft:spruce_sapling":4,"minecraft:spruce_log":23,"minecraft:dirt":25,"minecraft:bone":1,"minecraft:arrow":2,"minecraft:bow":1,"minecraft:coal":72,"minecraft:cobblestone":36,"minecraft:furnace":1},"minecraft:custom":{"minecraft:time_since_rest":47766,"minecraft:interact_with_furnace":2,"minecraft:sprint_one_cm":38771,"minecraft:damage_taken":160,"minecraft:walk_one_cm":59409,"minecraft:mob_kills":5,"minecraft:drop":3,"minecraft:damage_dealt":646,"minecraft:interact_with_crafting_table":5,"minecraft:fly_one_cm":68409,"minecraft:crouch_one_cm":8371,"minecraft:play_time":47766,"minecraft:sneak_time":3158,"minecraft:walk_under_water_one_cm":598,"minecraft:jump":406,"minecraft:walk_on_water_one_cm":259,"minecraft:time_since_death":47766,"minecraft:total_world_time":47766,"minecraft:fall_one_cm":9592},"minecraft:killed":{"minecraft:skeleton":1,"minecraft:pig":4},"minecraft:crafted":{"minecraft:cooked_porkchop":6,"minecraft:crafting_table":1,"minecraft:spruce_planks":84,"minecraft:stick":8,"minecraft:wooden_pickaxe":1,"minecraft:stone_pickaxe":2,"minecraft:furnace":1,"minecraft:spruce_fence":3,"minecraft:stone_axe":1,"minecraft:air":0},"minecraft:used":{"minecraft:stone_pickaxe":82,"minecraft:wooden_pickaxe":13,"minecraft:stone_axe":22,"minecraft:dirt":20,"minecraft:cobblestone":9,"minecraft:crafting_table":3,"minecraft:cooked_porkchop":2,"minecraft:furnace":1,"minecraft:porkchop":3,"minecraft:spruce_fence":1,"minecraft:spruce_log":2}},"DataVersion":3218}