{"stats":{"minecraft:mined":{"minecraft:spruce_planks":5,"minecraft:white_bed":5,"minecraft:farmland":1,"minecraft:deepslate_diamond_ore":24,"minecraft:spruce_trapdoor":6,"minecraft:grass_block":18,"minecraft:spruce_fence":11,"minecraft:spruce_leaves":25,"minecraft:composter":4,"minecraft:moss_block":1,"minecraft:large_fern":19,"minecraft:hay_block":74,"minecraft:raw_iron_block":2,"minecraft:spruce_sapling":8,"minecraft:furnace":7,"minecraft:carrots":42,"minecraft:iron_ore":18,"minecraft:pumpkin":1,"minecraft:bookshelf":4,"minecraft:deepslate_iron_ore":11,"minecraft:azalea":1,"minecraft:stone":53,"minecraft:white_wool":4,"minecraft:spruce_slab":9,"minecraft:powder_snow":14,"minecraft:crafting_table":12,"minecraft:lectern":1,"minecraft:mushroom_stem":3,"minecraft:cobblestone":2,"minecraft:sugar_cane":4,"minecraft:white_terracotta":2,"minecraft:yellow_wool":5,"minecraft:sweet_berry_bush":15,"minecraft:wheat":4,"minecraft:ice":2,"minecraft:spruce_log":88,"minecraft:yellow_bed":4,"minecraft:grass":24,"minecraft:oak_log":4,"minecraft:coal_ore":54,"minecraft:mycelium":118,"minecraft:dirt":69,"minecraft:red_mushroom_block":13,"minecraft:stonecutter":1,"minecraft:oak_leaves":2,"minecraft:deepslate":38,"minecraft:fern":8},"minecraft:dropped":{"minecraft:water_bucket":1,"minecraft:golden_boots":2,"minecraft:wheat_seeds":7,"minecraft:leather":5,"minecraft:stick":1,"minecraft:spruce_fence_gate":1,"minecraft:red_mushroom":2,"minecraft:dirt":14,"minecraft:torch":2,"minecraft:mutton":6,"minecraft:rabbit":1,"minecraft:fire_charge":2,"minecraft:phantom_membrane":5,"minecraft:string":1,"minecraft:white_wool":1,"minecraft:bone":1,"minecraft:stone_axe":1,"minecraft:sweet_berries":1,"minecraft:kelp":5,"minecraft:cobblestone_wall":2,"minecraft:rotten_flesh":10,"minecraft:oak_planks":1,"minecraft:white_terracotta":2,"minecraft:spruce_fence":4,"minecraft:poppy":1,"minecraft:rabbit_hide":1,"minecraft:oak_sapling":1,"minecraft:golden_sword":1,"minecraft:arrow":1,"minecraft:bow":1,"minecraft:stone_pickaxe":1,"minecraft:wooden_pickaxe":1,"minecraft:egg":2},"minecraft:broken":{"minecraft:shield":1,"minecraft:stone_axe":1},"minecraft:custom":{"minecraft:mob_kills":55,"minecraft:interact_with_crafting_table":46,"minecraft:bell_ring":3,"minecraft:leave_game":1,"minecraft:time_since_death":21148,"minecraft:sprint_one_cm":285419,"minecraft:walk_one_cm":370310,"minecraft:damage_blocked_by_shield":3525,"minecraft:drop":55,"minecraft:talked_to_villager":2,"minecraft:play_time":371462,"minecraft:deaths":2,"minecraft:sneak_time":20196,"minecraft:walk_under_water_one_cm":38152,"minecraft:boat_one_cm":439393,"minecraft:jump":4761,"minecraft:walk_on_water_one_cm":63570,"minecraft:total_world_time":371462,"minecraft:interact_with_furnace":51,"minecraft:sleep_in_bed":6,"minecraft:time_since_rest":21179,"minecraft:damage_taken":3106,"minecraft:damage_dealt":9735,"minecraft:swim_one_cm":21114,"minecraft:fly_one_cm":537913,"minecraft:open_chest":49,"minecraft:crouch_one_cm":56055,"minecraft:fall_one_cm":76907},"minecraft:picked_up":{"minecraft:iron_chestplate":2,"minecraft:crafting_table":14,"minecraft:yellow_wool":5,"minecraft:shield":2,"minecraft:string":4,"minecraft:iron_leggings":1,"minecraft:cobbled_deepslate":54,"minecraft:spruce_planks":369,"minecraft:beef":7,"minecraft:spruce_slab":12,"minecraft:azalea":1,"minecraft:iron_pickaxe":2,"minecraft:poppy":1,"minecraft:lectern":1,"minecraft:egg":2,"minecraft:sugar_cane":11,"minecraft:spruce_trapdoor":9,"minecraft:iron_boots":2,"minecraft:phantom_membrane":5,"minecraft:furnace":7,"minecraft:raw_iron":35,"minecraft:stick":6,"minecraft:composter":4,"minecraft:torch":2,"minecraft:spruce_fence":11,"minecraft:fire_charge":1,"minecraft:porkchop":24,"minecraft:carrot":92,"minecraft:stone_sword":1,"minecraft:arrow":26,"minecraft:rotten_flesh":23,"minecraft:hay_block":73,"minecraft:white_terracotta":2,"minecraft:mutton":6,"minecraft:cobblestone":54,"minecraft:white_wool":4,"minecraft:glow_ink_sac":5,"minecraft:water_bucket":2,"minecraft:leather":5,"minecraft:red_mushroom":2,"minecraft:oak_log":4,"minecraft:golden_boots":3,"minecraft:yellow_bed":4,"minecraft:dirt":203,"minecraft:bone":17,"minecraft:kelp":5,"minecraft:bow":6,"minecraft:wheat_seeds":8,"minecraft:rabbit_hide":1,"minecraft:bell":1,"minecraft:iron_ingot":7,"minecraft:stone_pickaxe":2,"minecraft:rabbit":1,"minecraft:moss_block":1,"minecraft:iron_sword":1,"minecraft:book":12,"minecraft:pumpkin":1,"minecraft:sweet_berries":26,"minecraft:raw_iron_block":2,"minecraft:spruce_sapling":26,"minecraft:white_bed":5,"minecraft:spruce_log":88,"minecraft:spider_eye":1,"minecraft:spruce_door":5,"minecraft:spruce_fence_gate":1,"minecraft:stone_axe":2,"minecraft:diamond":29,"minecraft:spruce_boat":11,"minecraft:iron_helmet":2,"minecraft:bread":143,"minecraft:oak_sapling":1,"minecraft:coal":123},"minecraft:killed":{"minecraft:spider":2,"minecraft:phantom":5,"minecraft:skeleton":14,"minecraft:drowned":2,"minecraft:pig":12,"minecraft:iron_golem":1,"minecraft:sheep":1,"minecraft:zombie":13,"minecraft:cow":4},"minecraft:killed_by":{"minecraft:creeper":1,"minecraft:skeleton":1},"minecraft:crafted":{"minecraft:oak_planks":16,"minecraft:raw_iron":18,"minecraft:furnace":6,"minecraft:bone_meal":15,"minecraft:spruce_fence":9,"minecraft:oak_trapdoor":2,"minecraft:spruce_stairs":4,"minecraft:iron_boots":1,"minecraft:spruce_slab":30,"minecraft:stone_pickaxe":3,"minecraft:cobblestone_wall":6,"minecraft:chest":8,"minecraft:spruce_boat":1,"minecraft:stone_hoe":1,"minecraft:wheat":657,"minecraft:cooked_porkchop":21,"minecraft:spruce_sign":6,"minecraft:crafting_table":4,"minecraft:spruce_planks":344,"minecraft:wooden_pickaxe":1,"minecraft:iron_helmet":1,"minecraft:iron_sword":1,"minecraft:spruce_door":3,"minecraft:bucket":1,"minecraft:stone_axe":3,"minecraft:bread":219,"minecraft:air":0,"minecraft:oak_boat":1,"minecraft:spruce_trapdoor":20,"minecraft:iron_chestplate":1,"minecraft:shield":2,"minecraft:stick":44,"minecraft:iron_ingot":46,"minecraft:iron_pickaxe":1,"minecraft:stone_sword":1,"minecraft:iron_leggings":1,"minecraft:spruce_fence_gate":5},"minecraft:used":{"minecraft:oak_trapdoor":2,"minecraft:spruce_slab":26,"minecraft:spruce_planks":20,"minecraft:chest":8,"minecraft:shield":53,"minecraft:iron_sword":78,"minecraft:bell":1,"minecraft:stone_hoe":91,"minecraft:dirt":166,"minecraft:spruce_stairs":4,"minecraft:cobblestone_wall":4,"minecraft:carrot":96,"minecraft:spruce_fence":12,"minecraft:spruce_boat":11,"minecraft:iron_boots":1,"minecraft:bow":1,"minecraft:sweet_berries":25,"minecraft:furnace":9,"minecraft:cobbled_deepslate":4,"minecraft:water_bucket":28,"minecraft:spruce_door":4,"minecraft:stone_pickaxe":165,"minecraft:wooden_pickaxe":13,"minecraft:composter":2,"minecraft:spruce_sign":4,"minecraft:spruce_fence_gate":5,"minecraft:crafting_table":13,"minecraft:white_bed":3,"minecraft:spruce_log":2,"minecraft:bread":40,"minecraft:iron_pickaxe":37,"minecraft:spruce_trapdoor":23,"minecraft:spruce_sapling":24,"minecraft:stone_axe":207,"minecraft:cobblestone":17,"minecraft:cooked_porkchop":10,"minecraft:porkchop":3,"minecraft:bucket":29,"minecraft:bone_meal":15}},"DataVersion":3218}