{"stats":{"minecraft:mined":{"minecraft:white_bed":5,"minecraft:farmland":1,"minecraft:deepslate_diamond_ore":2,"minecraft:grass_block":18,"minecraft:spruce_fence":6,"minecraft:spruce_leaves":25,"minecraft:moss_block":1,"minecraft:composter":4,"minecraft:large_fern":19,"minecraft:hay_block":74,"minecraft:spruce_sapling":8,"minecraft:furnace":3,"minecraft:carrots":18,"minecraft:iron_ore":18,"minecraft:pumpkin":1,"minecraft:bookshelf":4,"minecraft:deepslate_iron_ore":9,"minecraft:azalea":1,"minecraft:stone":46,"minecraft:white_wool":4,"minecraft:powder_snow":14,"minecraft:crafting_table":8,"minecraft:lectern":1,"minecraft:mushroom_stem":3,"minecraft:cobblestone":2,"minecraft:sugar_cane":4,"minecraft:white_terracotta":2,"minecraft:yellow_wool":5,"minecraft:sweet_berry_bush":14,"minecraft:wheat":4,"minecraft:ice":2,"minecraft:spruce_log":88,"minecraft:yellow_bed":4,"minecraft:grass":24,"minecraft:coal_ore":54,"minecraft:oak_log":4,"minecraft:mycelium":97,"minecraft:dirt":69,"minecraft:red_mushroom_block":13,"minecraft:stonecutter":1,"minecraft:oak_leaves":2,"minecraft:deepslate":1,"minecraft:fern":8},"minecraft:dropped":{"minecraft:water_bucket":1,"minecraft:wheat_seeds":6,"minecraft:leather":5,"minecraft:red_mushroom":2,"minecraft:dirt":13,"minecraft:torch":2,"minecraft:mutton":6,"minecraft:fire_charge":2,"minecraft:phantom_membrane":5,"minecraft:white_wool":1,"minecraft:bone":1,"minecraft:kelp":5,"minecraft:oak_planks":1,"minecraft:white_terracotta":2,"minecraft:spruce_fence":2,"minecraft:poppy":1,"minecraft:oak_sapling":1,"minecraft:golden_sword":1,"minecraft:bow":1,"minecraft:wooden_pickaxe":1},"minecraft:broken":{"minecraft:stone_axe":1},"minecraft:custom":{"minecraft:mob_kills":29,"minecraft:interact_with_crafting_table":24,"minecraft:bell_ring":3,"minecraft:leave_game":1,"minecraft:time_since_death":365,"minecraft:sprint_one_cm":209003,"minecraft:walk_one_cm":246121,"minecraft:drop":38,"minecraft:talked_to_villager":2,"minecraft:play_time":300079,"minecraft:deaths":1,"minecraft:sneak_time":12732,"minecraft:walk_under_water_one_cm":5865,"minecraft:boat_one_cm":439393,"minecraft:jump":3877,"minecraft:walk_on_water_one_cm":38846,"minecraft:total_world_time":300079,"minecraft:interact_with_furnace":26,"minecraft:sleep_in_bed":3,"minecraft:time_since_rest":395,"minecraft:damage_taken":1168,"minecraft:damage_dealt":5026,"minecraft:swim_one_cm":7379,"minecraft:fly_one_cm":363207,"minecraft:open_chest":15,"minecraft:crouch_one_cm":36615,"minecraft:fall_one_cm":50775},"minecraft:picked_up":{"minecraft:crafting_table":8,"minecraft:yellow_wool":5,"minecraft:cobbled_deepslate":1,"minecraft:beef":7,"minecraft:azalea":1,"minecraft:poppy":1,"minecraft:lectern":1,"minecraft:sugar_cane":9,"minecraft:phantom_membrane":5,"minecraft:furnace":3,"minecraft:stick":5,"minecraft:raw_iron":27,"minecraft:composter":4,"minecraft:torch":2,"minecraft:spruce_fence":6,"minecraft:fire_charge":1,"minecraft:porkchop":24,"minecraft:carrot":18,"minecraft:arrow":2,"minecraft:rotten_flesh":3,"minecraft:hay_block":73,"minecraft:white_terracotta":2,"minecraft:mutton":6,"minecraft:cobblestone":48,"minecraft:white_wool":4,"minecraft:leather":5,"minecraft:red_mushroom":2,"minecraft:oak_log":4,"minecraft:yellow_bed":4,"minecraft:dirt":181,"minecraft:bone":1,"minecraft:kelp":5,"minecraft:bow":1,"minecraft:wheat_seeds":7,"minecraft:bell":1,"minecraft:iron_ingot":5,"minecraft:moss_block":1,"minecraft:book":12,"minecraft:pumpkin":1,"minecraft:sweet_berries":26,"minecraft:spruce_sapling":26,"minecraft:white_bed":5,"minecraft:spruce_log":88,"minecraft:diamond":2,"minecraft:spruce_boat":11,"minecraft:oak_sapling":1,"minecraft:coal":123},"minecraft:killed":{"minecraft:phantom":5,"minecraft:skeleton":1,"minecraft:pig":12,"minecraft:iron_golem":1,"minecraft:sheep":1,"minecraft:zombie":5,"minecraft:cow":4},"minecraft:killed_by":{"minecraft:skeleton":1},"minecraft:crafted":{"minecraft:oak_planks":16,"minecraft:furnace":2,"minecraft:spruce_fence":3,"minecraft:oak_trapdoor":2,"minecraft:iron_boots":1,"minecraft:stone_pickaxe":2,"minecraft:chest":8,"minecraft:spruce_boat":1,"minecraft:stone_hoe":1,"minecraft:wheat":657,"minecraft:cooked_porkchop":21,"minecraft:crafting_table":3,"minecraft:spruce_planks":344,"minecraft:wooden_pickaxe":1,"minecraft:iron_helmet":1,"minecraft:bucket":1,"minecraft:stone_axe":2,"minecraft:bread":219,"minecraft:air":0,"minecraft:oak_boat":1,"minecraft:iron_chestplate":1,"minecraft:shield":1,"minecraft:stick":12,"minecraft:iron_ingot":19,"minecraft:iron_pickaxe":1},"minecraft:used":{"minecraft:oak_trapdoor":2,"minecraft:chest":8,"minecraft:shield":1,"minecraft:bell":1,"minecraft:stone_hoe":91,"minecraft:dirt":166,"minecraft:carrot":22,"minecraft:spruce_fence":7,"minecraft:spruce_boat":11,"minecraft:furnace":5,"minecraft:water_bucket":3,"minecraft:stone_pickaxe":126,"minecraft:wooden_pickaxe":13,"minecraft:composter":2,"minecraft:crafting_table":9,"minecraft:white_bed":3,"minecraft:spruce_log":2,"minecraft:bread":10,"minecraft:iron_pickaxe":2,"minecraft:spruce_sapling":24,"minecraft:stone_axe":168,"minecraft:cobblestone":17,"minecraft:cooked_porkchop":10,"minecraft:porkchop":3,"minecraft:bucket":4}},"DataVersion":3218}