{"stats":{"minecraft:custom":{"minecraft:time_since_rest":35021,"minecraft:sprint_one_cm":36104,"minecraft:damage_taken":155,"minecraft:walk_one_cm":36257,"minecraft:mob_kills":13,"minecraft:drop":6,"minecraft:damage_dealt":1319,"minecraft:swim_one_cm":26375,"minecraft:interact_with_crafting_table":6,"minecraft:fly_one_cm":66997,"minecraft:open_chest":9,"minecraft:crouch_one_cm":9024,"minecraft:play_time":35021,"minecraft:sneak_time":2683,"minecraft:walk_under_water_one_cm":4634,"minecraft:boat_one_cm":69135,"minecraft:jump":455,"minecraft:time_since_death":35021,"minecraft:walk_on_water_one_cm":4556,"minecraft:climb_one_cm":1226,"minecraft:total_world_time":35021,"minecraft:fall_one_cm":11282},"minecraft:used":{"minecraft:stone_sword":15,"minecraft:melon_slice":10,"minecraft:stone_pickaxe":32,"minecraft:wooden_pickaxe":6,"minecraft:stone_axe":18,"minecraft:cobblestone":3,"minecraft:mutton":2,"minecraft:crafting_table":4,"minecraft:oak_sapling":1,"minecraft:oak_boat":1},"minecraft:dropped":{"minecraft:dirt":1,"minecraft:apple":1,"minecraft:stick":4},"minecraft:mined":{"minecraft:tall_seagrass":2,"minecraft:kelp_plant":1,"minecraft:iron_ore":5,"minecraft:crafting_table":4,"minecraft:grass":21,"minecraft:coal_ore":22,"minecraft:grass_block":2,"minecraft:oak_log":10,"minecraft:melon":6,"minecraft:tall_grass":5,"minecraft:bamboo":4,"minecraft:stone":11,"minecraft:sugar_cane":7,"minecraft:oak_leaves":7},"minecraft:killed":{"minecraft:sheep":4,"minecraft:drowned":1,"minecraft:cow":8},"minecraft:crafted":{"minecraft:oak_boat":1,"minecraft:oak_planks":40,"minecraft:crafting_table":1,"minecraft:stick":8,"minecraft:wooden_pickaxe":1,"minecraft:stone_pickaxe":1,"minecraft:stone_sword":1,"minecraft:stone_axe":1},"minecraft:picked_up":{"minecraft:stick":3,"minecraft:raw_iron":5,"minecraft:crafting_table":4,"minecraft:leather":6,"minecraft:oak_log":10,"minecraft:dirt":2,"minecraft:apple":2,"minecraft:kelp":1,"minecraft:beef":18,"minecraft:oak_boat":1,"minecraft:bamboo":21,"minecraft:oak_sapling":1,"minecraft:melon_slice":28,"minecraft:sugar_cane":12,"minecraft:mutton":5,"minecraft:coal":22,"minecraft:white_wool":4,"minecraft:cobblestone":11}},"DataVersion":3218}