{"stats":{"minecraft:dropped":{"minecraft:water_bucket":1,"minecraft:dirt":3},"minecraft:mined":{"minecraft:large_fern":19,"minecraft:furnace":2,"minecraft:iron_ore":2,"minecraft:ice":2,"minecraft:spruce_log":23,"minecraft:powder_snow":14,"minecraft:crafting_table":4,"minecraft:grass":2,"minecraft:spruce_fence":5,"minecraft:grass_block":18,"minecraft:coal_ore":54,"minecraft:dirt":36,"minecraft:azalea":1,"minecraft:spruce_leaves":22,"minecraft:stone":46,"minecraft:moss_block":1,"minecraft:sugar_cane":1,"minecraft:fern":8},"minecraft:picked_up":{"minecraft:raw_iron":2,"minecraft:stick":4,"minecraft:crafting_table":4,"minecraft:leather":2,"minecraft:spruce_fence":5,"minecraft:porkchop":24,"minecraft:spruce_sapling":4,"minecraft:spruce_log":23,"minecraft:dirt":49,"minecraft:bone":1,"minecraft:arrow":2,"minecraft:bow":1,"minecraft:beef":1,"minecraft:azalea":1,"minecraft:moss_block":1,"minecraft:sugar_cane":3,"minecraft:coal":123,"minecraft:cobblestone":46,"minecraft:furnace":2},"minecraft:custom":{"minecraft:time_since_rest":191766,"minecraft:interact_with_furnace":8,"minecraft:sprint_one_cm":107717,"minecraft:damage_taken":220,"minecraft:walk_one_cm":102717,"minecraft:mob_kills":15,"minecraft:drop":4,"minecraft:damage_dealt":1626,"minecraft:interact_with_crafting_table":6,"minecraft:fly_one_cm":124385,"minecraft:open_chest":1,"minecraft:crouch_one_cm":10965,"minecraft:play_time":191766,"minecraft:sneak_time":4064,"minecraft:walk_under_water_one_cm":1349,"minecraft:jump":2719,"minecraft:walk_on_water_one_cm":638,"minecraft:time_since_death":191766,"minecraft:total_world_time":191766,"minecraft:fall_one_cm":16642},"minecraft:killed":{"minecraft:sheep":1,"minecraft:skeleton":1,"minecraft:pig":12,"minecraft:cow":1},"minecraft:crafted":{"minecraft:cooked_porkchop":21,"minecraft:crafting_table":1,"minecraft:spruce_planks":84,"minecraft:stick":8,"minecraft:wooden_pickaxe":1,"minecraft:stone_pickaxe":2,"minecraft:furnace":1,"minecraft:spruce_fence":3,"minecraft:stone_axe":1,"minecraft:air":0},"minecraft:used":{"minecraft:water_bucket":1,"minecraft:stone_pickaxe":94,"minecraft:wooden_pickaxe":13,"minecraft:stone_axe":40,"minecraft:dirt":44,"minecraft:cobblestone":9,"minecraft:crafting_table":4,"minecraft:cooked_porkchop":6,"minecraft:furnace":2,"minecraft:porkchop":3,"minecraft:bucket":1,"minecraft:spruce_fence":6,"minecraft:spruce_log":2}},"DataVersion":3218}