{"stats":{"minecraft:dropped":{"minecraft:dirt":3},"minecraft:mined":{"minecraft:large_fern":19,"minecraft:furnace":1,"minecraft:iron_ore":2,"minecraft:ice":2,"minecraft:spruce_log":23,"minecraft:crafting_table":3,"minecraft:grass":2,"minecraft:spruce_fence":1,"minecraft:grass_block":16,"minecraft:coal_ore":54,"minecraft:dirt":24,"minecraft:spruce_leaves":17,"minecraft:stone":36,"minecraft:fern":7},"minecraft:picked_up":{"minecraft:raw_iron":2,"minecraft:stick":4,"minecraft:crafting_table":3,"minecraft:spruce_fence":1,"minecraft:porkchop":24,"minecraft:spruce_sapling":4,"minecraft:spruce_log":23,"minecraft:dirt":36,"minecraft:bone":1,"minecraft:arrow":2,"minecraft:bow":1,"minecraft:coal":72,"minecraft:cobblestone":36,"minecraft:furnace":1},"minecraft:custom":{"minecraft:time_since_rest":59766,"minecraft:interact_with_furnace":2,"minecraft:sprint_one_cm":72274,"minecraft:damage_taken":180,"minecraft:walk_one_cm":73899,"minecraft:mob_kills":13,"minecraft:drop":3,"minecraft:damage_dealt":1446,"minecraft:interact_with_crafting_table":5,"minecraft:fly_one_cm":97098,"minecraft:crouch_one_cm":8645,"minecraft:play_time":59766,"minecraft:sneak_time":3299,"minecraft:walk_under_water_one_cm":1349,"minecraft:jump":571,"minecraft:walk_on_water_one_cm":372,"minecraft:time_since_death":59766,"minecraft:total_world_time":59766,"minecraft:fall_one_cm":12622},"minecraft:killed":{"minecraft:skeleton":1,"minecraft:pig":12},"minecraft:crafted":{"minecraft:cooked_porkchop":6,"minecraft:crafting_table":1,"minecraft:spruce_planks":84,"minecraft:stick":8,"minecraft:wooden_pickaxe":1,"minecraft:stone_pickaxe":2,"minecraft:furnace":1,"minecraft:spruce_fence":3,"minecraft:stone_axe":1,"minecraft:air":0},"minecraft:used":{"minecraft:stone_pickaxe":82,"minecraft:wooden_pickaxe":13,"minecraft:stone_axe":33,"minecraft:dirt":29,"minecraft:cobblestone":9,"minecraft:crafting_table":3,"minecraft:cooked_porkchop":3,"minecraft:furnace":1,"minecraft:porkchop":3,"minecraft:spruce_fence":1,"minecraft:spruce_log":2}},"DataVersion":3218}