{"stats":{"minecraft:custom":{"minecraft:interact_with_furnace":33,"minecraft:mob_kills":29,"minecraft:interact_with_crafting_table":9,"minecraft:time_since_death":107021,"minecraft:sleep_in_bed":6,"minecraft:climb_one_cm":2947,"minecraft:time_since_rest":2802,"minecraft:sprint_one_cm":117850,"minecraft:damage_taken":345,"minecraft:walk_one_cm":66579,"minecraft:drop":9,"minecraft:damage_dealt":2859,"minecraft:swim_one_cm":42697,"minecraft:fly_one_cm":276939,"minecraft:open_chest":10,"minecraft:crouch_one_cm":14045,"minecraft:play_time":107021,"minecraft:sneak_time":4676,"minecraft:walk_under_water_one_cm":10768,"minecraft:boat_one_cm":299024,"minecraft:jump":1407,"minecraft:walk_on_water_one_cm":12933,"minecraft:total_world_time":107021,"minecraft:fall_one_cm":41828},"minecraft:used":{"minecraft:stone_sword":18,"minecraft:stone_pickaxe":59,"minecraft:wooden_pickaxe":6,"minecraft:mutton":2,"minecraft:crafting_table":6,"minecraft:white_bed":6,"minecraft:melon_slice":25,"minecraft:stone_axe":38,"minecraft:cobblestone":3,"minecraft:oak_sapling":1,"minecraft:furnace":3,"minecraft:cooked_cod":2,"minecraft:oak_boat":5,"minecraft:cooked_beef":2},"minecraft:dropped":{"minecraft:kelp":1,"minecraft:oak_planks":11,"minecraft:apple":1,"minecraft:stick":4,"minecraft:filled_map":1,"minecraft:dirt":1},"minecraft:killed":{"minecraft:pig":4,"minecraft:sheep":7,"minecraft:drowned":1,"minecraft:cow":17},"minecraft:mined":{"minecraft:white_bed":6,"minecraft:kelp_plant":1,"minecraft:jungle_leaves":1,"minecraft:crafting_table":6,"minecraft:grass_block":8,"minecraft:melon":6,"minecraft:tall_grass":16,"minecraft:sugar_cane":7,"minecraft:tall_seagrass":2,"minecraft:furnace":3,"minecraft:iron_ore":5,"minecraft:grass":66,"minecraft:oak_log":10,"minecraft:coal_ore":22,"minecraft:sand":11,"minecraft:bamboo":4,"minecraft:stone":35,"minecraft:oak_leaves":8},"minecraft:crafted":{"minecraft:cooked_beef":34,"minecraft:oak_planks":40,"minecraft:cooked_porkchop":5,"minecraft:crafting_table":1,"minecraft:wooden_pickaxe":1,"minecraft:furnace":3,"minecraft:stone_axe":1,"minecraft:air":0,"minecraft:oak_boat":1,"minecraft:stick":8,"minecraft:stone_pickaxe":1,"minecraft:stone_sword":1,"minecraft:white_bed":1},"minecraft:picked_up":{"minecraft:crafting_table":6,"minecraft:leather":13,"minecraft:oak_log":10,"minecraft:dirt":3,"minecraft:apple":2,"minecraft:kelp":1,"minecraft:wheat_seeds":5,"minecraft:beef":34,"minecraft:oak_boat":5,"minecraft:bamboo":21,"minecraft:melon_slice":28,"minecraft:sugar_cane":12,"minecraft:furnace":3,"minecraft:stick":3,"minecraft:raw_iron":5,"minecraft:porkchop":10,"minecraft:sand":11,"minecraft:white_bed":6,"minecraft:oak_sapling":1,"minecraft:mutton":9,"minecraft:coal":38,"minecraft:white_wool":7,"minecraft:cobblestone":35}},"DataVersion":3218}