{"stats":{"minecraft:mined":{"minecraft:tuff":3,"minecraft:spruce_planks":5,"minecraft:white_bed":5,"minecraft:farmland":1,"minecraft:deepslate_diamond_ore":30,"minecraft:spruce_trapdoor":6,"minecraft:grass_block":55,"minecraft:spruce_fence":11,"minecraft:brown_mushroom_block":45,"minecraft:spruce_leaves":25,"minecraft:composter":4,"minecraft:moss_block":1,"minecraft:large_fern":19,"minecraft:hay_block":74,"minecraft:raw_iron_block":2,"minecraft:spruce_sapling":8,"minecraft:furnace":7,"minecraft:carrots":87,"minecraft:iron_ore":18,"minecraft:pumpkin":1,"minecraft:bookshelf":4,"minecraft:deepslate_iron_ore":11,"minecraft:azalea":1,"minecraft:stone":61,"minecraft:white_wool":4,"minecraft:spruce_slab":9,"minecraft:powder_snow":14,"minecraft:crafting_table":15,"minecraft:lectern":1,"minecraft:mushroom_stem":14,"minecraft:cobblestone":3,"minecraft:sugar_cane":4,"minecraft:white_terracotta":2,"minecraft:yellow_wool":5,"minecraft:wheat":4,"minecraft:sweet_berry_bush":15,"minecraft:ice":2,"minecraft:spruce_log":88,"minecraft:yellow_bed":6,"minecraft:grass":34,"minecraft:oak_log":7,"minecraft:coal_ore":54,"minecraft:mycelium":133,"minecraft:sand":829,"minecraft:dirt":116,"minecraft:red_mushroom_block":49,"minecraft:stonecutter":1,"minecraft:oak_leaves":2,"minecraft:deepslate":46,"minecraft:fern":8},"minecraft:dropped":{"minecraft:water_bucket":1,"minecraft:golden_boots":2,"minecraft:brown_mushroom":2,"minecraft:wheat_seeds":7,"minecraft:leather":5,"minecraft:spruce_fence_gate":1,"minecraft:stick":1,"minecraft:mushroom_stew":6,"minecraft:red_mushroom":2,"minecraft:dirt":14,"minecraft:torch":2,"minecraft:mutton":6,"minecraft:rabbit":1,"minecraft:fire_charge":2,"minecraft:phantom_membrane":5,"minecraft:string":1,"minecraft:white_wool":1,"minecraft:bone":1,"minecraft:stone_axe":1,"minecraft:sweet_berries":3,"minecraft:kelp":5,"minecraft:cobblestone_wall":2,"minecraft:stone_sword":1,"minecraft:bowl":4,"minecraft:rotten_flesh":10,"minecraft:oak_planks":1,"minecraft:white_terracotta":2,"minecraft:spruce_fence":4,"minecraft:poppy":1,"minecraft:rabbit_hide":1,"minecraft:spruce_boat":2,"minecraft:oak_sapling":1,"minecraft:golden_sword":1,"minecraft:spider_eye":1,"minecraft:bow":1,"minecraft:arrow":4,"minecraft:stone_pickaxe":1,"minecraft:wooden_pickaxe":1,"minecraft:egg":2},"minecraft:broken":{"minecraft:shield":1,"minecraft:stone_axe":1,"minecraft:stone_shovel":7},"minecraft:custom":{"minecraft:mob_kills":59,"minecraft:interact_with_crafting_table":60,"minecraft:bell_ring":3,"minecraft:leave_game":7,"minecraft:time_since_death":119241,"minecraft:sprint_one_cm":344166,"minecraft:walk_one_cm":516746,"minecraft:damage_blocked_by_shield":3870,"minecraft:drop":72,"minecraft:talked_to_villager":2,"minecraft:play_time":469555,"minecraft:sneak_time":30365,"minecraft:deaths":2,"minecraft:walk_under_water_one_cm":53207,"minecraft:boat_one_cm":811884,"minecraft:jump":5439,"minecraft:walk_on_water_one_cm":70636,"minecraft:total_world_time":469555,"minecraft:interact_with_furnace":56,"minecraft:sleep_in_bed":8,"minecraft:time_since_rest":20385,"minecraft:damage_taken":3820,"minecraft:damage_dealt":10487,"minecraft:swim_one_cm":32522,"minecraft:fly_one_cm":651045,"minecraft:open_chest":88,"minecraft:crouch_one_cm":102029,"minecraft:fall_one_cm":101243},"minecraft:picked_up":{"minecraft:crafting_table":17,"minecraft:iron_chestplate":2,"minecraft:yellow_wool":5,"minecraft:brown_mushroom":19,"minecraft:shield":2,"minecraft:string":4,"minecraft:iron_leggings":1,"minecraft:cobbled_deepslate":69,"minecraft:spruce_planks":369,"minecraft:beef":7,"minecraft:oak_boat":1,"minecraft:azalea":1,"minecraft:spruce_slab":12,"minecraft:poppy":1,"minecraft:iron_pickaxe":2,"minecraft:lectern":1,"minecraft:sugar_cane":11,"minecraft:spruce_trapdoor":9,"minecraft:phantom_membrane":5,"minecraft:furnace":7,"minecraft:iron_boots":2,"minecraft:egg":2,"minecraft:stick":6,"minecraft:raw_iron":35,"minecraft:composter":4,"minecraft:torch":2,"minecraft:bowl":1,"minecraft:spruce_fence":11,"minecraft:fire_charge":1,"minecraft:porkchop":24,"minecraft:carrot":241,"minecraft:stone_sword":1,"minecraft:arrow":28,"minecraft:rotten_flesh":25,"minecraft:hay_block":73,"minecraft:white_terracotta":2,"minecraft:mutton":6,"minecraft:white_wool":4,"minecraft:cobblestone":63,"minecraft:glow_ink_sac":5,"minecraft:water_bucket":2,"minecraft:leather":5,"minecraft:red_mushroom":14,"minecraft:mushroom_stew":3,"minecraft:tuff":3,"minecraft:oak_log":7,"minecraft:yellow_bed":6,"minecraft:golden_boots":3,"minecraft:dirt":297,"minecraft:bone":20,"minecraft:kelp":5,"minecraft:bow":6,"minecraft:wheat_seeds":9,"minecraft:bell":1,"minecraft:rabbit_hide":1,"minecraft:iron_ingot":7,"minecraft:stone_pickaxe":2,"minecraft:rabbit":1,"minecraft:moss_block":1,"minecraft:iron_sword":1,"minecraft:book":12,"minecraft:pumpkin":1,"minecraft:sweet_berries":28,"minecraft:sand":830,"minecraft:raw_iron_block":2,"minecraft:spruce_sapling":26,"minecraft:white_bed":5,"minecraft:spruce_log":88,"minecraft:spruce_door":5,"minecraft:spider_eye":1,"minecraft:spruce_fence_gate":1,"minecraft:diamond":35,"minecraft:spruce_boat":14,"minecraft:stone_axe":2,"minecraft:iron_helmet":2,"minecraft:bread":143,"minecraft:oak_sapling":1,"minecraft:coal":123},"minecraft:killed":{"minecraft:spider":3,"minecraft:phantom":5,"minecraft:skeleton":16,"minecraft:drowned":2,"minecraft:pig":12,"minecraft:iron_golem":1,"minecraft:sheep":1,"minecraft:zombie":14,"minecraft:cow":4},"minecraft:killed_by":{"minecraft:creeper":1,"minecraft:skeleton":1},"minecraft:crafted":{"minecraft:oak_planks":16,"minecraft:raw_iron":18,"minecraft:stone_shovel":7,"minecraft:furnace":6,"minecraft:bone_meal":42,"minecraft:spruce_fence":9,"minecraft:oak_trapdoor":2,"minecraft:spruce_stairs":4,"minecraft:iron_boots":1,"minecraft:iron_hoe":1,"minecraft:spruce_slab":30,"minecraft:stone_pickaxe":3,"minecraft:cobblestone_wall":6,"minecraft:chest":8,"minecraft:spruce_boat":4,"minecraft:stone_hoe":1,"minecraft:wheat":657,"minecraft:cooked_porkchop":21,"minecraft:spruce_sign":6,"minecraft:crafting_table":5,"minecraft:spruce_planks":344,"minecraft:wooden_pickaxe":1,"minecraft:iron_helmet":1,"minecraft:iron_sword":1,"minecraft:spruce_door":3,"minecraft:bowl":4,"minecraft:bucket":1,"minecraft:stone_axe":3,"minecraft:bread":219,"minecraft:air":0,"minecraft:oak_boat":1,"minecraft:spruce_trapdoor":20,"minecraft:iron_chestplate":1,"minecraft:shield":2,"minecraft:stick":60,"minecraft:iron_ingot":46,"minecraft:iron_pickaxe":1,"minecraft:stone_sword":1,"minecraft:iron_leggings":1,"minecraft:spruce_fence_gate":5},"minecraft:used":{"minecraft:oak_trapdoor":2,"minecraft:stone_shovel":924,"minecraft:spruce_slab":27,"minecraft:chest":8,"minecraft:spruce_planks":20,"minecraft:shield":57,"minecraft:iron_sword":92,"minecraft:bell":1,"minecraft:stone_hoe":91,"minecraft:dirt":255,"minecraft:spruce_stairs":4,"minecraft:cobblestone_wall":4,"minecraft:carrot":232,"minecraft:spruce_fence":12,"minecraft:iron_hoe":80,"minecraft:spruce_boat":15,"minecraft:iron_boots":1,"minecraft:bow":19,"minecraft:sweet_berries":25,"minecraft:furnace":9,"minecraft:cobbled_deepslate":4,"minecraft:water_bucket":42,"minecraft:spruce_door":4,"minecraft:stone_pickaxe":177,"minecraft:wooden_pickaxe":13,"minecraft:composter":2,"minecraft:spruce_sign":4,"minecraft:spruce_fence_gate":5,"minecraft:sand":3,"minecraft:crafting_table":18,"minecraft:mushroom_stew":1,"minecraft:white_bed":3,"minecraft:spruce_log":2,"minecraft:bread":54,"minecraft:suspicious_stew":3,"minecraft:iron_pickaxe":51,"minecraft:spruce_trapdoor":23,"minecraft:spruce_sapling":24,"minecraft:stone_axe":239,"minecraft:cobblestone":17,"minecraft:porkchop":3,"minecraft:cooked_porkchop":10,"minecraft:bucket":43,"minecraft:yellow_bed":2,"minecraft:oak_boat":2,"minecraft:bone_meal":42}},"DataVersion":3218}