{"stats":{"minecraft:custom":{"minecraft:time_since_rest":23021,"minecraft:sprint_one_cm":22080,"minecraft:damage_taken":100,"minecraft:walk_one_cm":21684,"minecraft:mob_kills":1,"minecraft:drop":6,"minecraft:damage_dealt":80,"minecraft:swim_one_cm":22103,"minecraft:interact_with_crafting_table":6,"minecraft:fly_one_cm":37910,"minecraft:open_chest":9,"minecraft:crouch_one_cm":7862,"minecraft:play_time":23021,"minecraft:sneak_time":2407,"minecraft:walk_under_water_one_cm":3788,"minecraft:boat_one_cm":65313,"minecraft:jump":233,"minecraft:time_since_death":23021,"minecraft:walk_on_water_one_cm":3933,"minecraft:total_world_time":23021,"minecraft:fall_one_cm":7938},"minecraft:used":{"minecraft:stone_sword":2,"minecraft:stone_pickaxe":32,"minecraft:wooden_pickaxe":6,"minecraft:stone_axe":2,"minecraft:cobblestone":3,"minecraft:mutton":2,"minecraft:crafting_table":4,"minecraft:oak_sapling":1,"minecraft:oak_boat":1},"minecraft:dropped":{"minecraft:dirt":1,"minecraft:apple":1,"minecraft:stick":4},"minecraft:mined":{"minecraft:tall_seagrass":2,"minecraft:kelp_plant":1,"minecraft:iron_ore":5,"minecraft:crafting_table":4,"minecraft:grass":6,"minecraft:coal_ore":22,"minecraft:grass_block":2,"minecraft:oak_log":10,"minecraft:stone":11,"minecraft:sugar_cane":7,"minecraft:oak_leaves":7},"minecraft:killed":{"minecraft:sheep":1},"minecraft:crafted":{"minecraft:oak_boat":1,"minecraft:oak_planks":40,"minecraft:crafting_table":1,"minecraft:stick":8,"minecraft:wooden_pickaxe":1,"minecraft:stone_pickaxe":1,"minecraft:stone_sword":1,"minecraft:stone_axe":1},"minecraft:picked_up":{"minecraft:stick":3,"minecraft:raw_iron":5,"minecraft:crafting_table":4,"minecraft:oak_log":10,"minecraft:dirt":2,"minecraft:apple":2,"minecraft:kelp":1,"minecraft:oak_sapling":1,"minecraft:sugar_cane":12,"minecraft:mutton":2,"minecraft:coal":22,"minecraft:white_wool":1,"minecraft:cobblestone":11}},"DataVersion":3218}