{"stats":{"minecraft:custom":{"minecraft:interact_with_furnace":14,"minecraft:mob_kills":27,"minecraft:interact_with_crafting_table":9,"minecraft:time_since_death":83021,"minecraft:sleep_in_bed":4,"minecraft:climb_one_cm":2947,"minecraft:time_since_rest":4999,"minecraft:sprint_one_cm":102244,"minecraft:damage_taken":315,"minecraft:walk_one_cm":61286,"minecraft:drop":7,"minecraft:damage_dealt":2659,"minecraft:swim_one_cm":33051,"minecraft:fly_one_cm":222228,"minecraft:open_chest":10,"minecraft:crouch_one_cm":13056,"minecraft:play_time":83021,"minecraft:sneak_time":4388,"minecraft:walk_under_water_one_cm":10496,"minecraft:boat_one_cm":256512,"minecraft:jump":1193,"minecraft:walk_on_water_one_cm":9584,"minecraft:total_world_time":83021,"minecraft:fall_one_cm":34620},"minecraft:used":{"minecraft:stone_sword":18,"minecraft:stone_pickaxe":56,"minecraft:wooden_pickaxe":6,"minecraft:mutton":2,"minecraft:crafting_table":6,"minecraft:white_bed":4,"minecraft:melon_slice":25,"minecraft:stone_axe":34,"minecraft:cobblestone":3,"minecraft:oak_sapling":1,"minecraft:furnace":3,"minecraft:cooked_cod":2,"minecraft:oak_boat":4,"minecraft:cooked_beef":1},"minecraft:dropped":{"minecraft:apple":1,"minecraft:stick":4,"minecraft:filled_map":1,"minecraft:dirt":1},"minecraft:killed":{"minecraft:pig":2,"minecraft:sheep":7,"minecraft:drowned":1,"minecraft:cow":17},"minecraft:mined":{"minecraft:white_bed":4,"minecraft:kelp_plant":1,"minecraft:jungle_leaves":1,"minecraft:crafting_table":5,"minecraft:grass_block":7,"minecraft:melon":6,"minecraft:tall_grass":16,"minecraft:sugar_cane":7,"minecraft:tall_seagrass":2,"minecraft:iron_ore":5,"minecraft:grass":62,"minecraft:oak_log":10,"minecraft:coal_ore":22,"minecraft:sand":11,"minecraft:bamboo":4,"minecraft:stone":35,"minecraft:oak_leaves":8},"minecraft:crafted":{"minecraft:cooked_beef":9,"minecraft:oak_planks":40,"minecraft:crafting_table":1,"minecraft:wooden_pickaxe":1,"minecraft:furnace":3,"minecraft:stone_axe":1,"minecraft:air":0,"minecraft:oak_boat":1,"minecraft:stick":8,"minecraft:stone_pickaxe":1,"minecraft:stone_sword":1,"minecraft:white_bed":1},"minecraft:picked_up":{"minecraft:crafting_table":5,"minecraft:leather":13,"minecraft:oak_log":10,"minecraft:dirt":3,"minecraft:apple":2,"minecraft:kelp":1,"minecraft:wheat_seeds":5,"minecraft:beef":34,"minecraft:oak_boat":4,"minecraft:bamboo":21,"minecraft:melon_slice":28,"minecraft:sugar_cane":12,"minecraft:stick":3,"minecraft:raw_iron":5,"minecraft:porkchop":5,"minecraft:sand":11,"minecraft:white_bed":4,"minecraft:oak_sapling":1,"minecraft:mutton":9,"minecraft:coal":22,"minecraft:white_wool":7,"minecraft:cobblestone":35}},"DataVersion":3218}