{"stats":{"minecraft:custom":{"minecraft:mob_kills":59,"minecraft:interact_with_crafting_table":66,"minecraft:bell_ring":3,"minecraft:leave_game":12,"minecraft:time_since_death":256346,"minecraft:sprint_one_cm":392500,"minecraft:walk_one_cm":629138,"minecraft:damage_blocked_by_shield":3870,"minecraft:drop":83,"minecraft:talked_to_villager":4,"minecraft:play_time":606660,"minecraft:sneak_time":46173,"minecraft:deaths":2,"minecraft:walk_under_water_one_cm":77904,"minecraft:boat_one_cm":811884,"minecraft:jump":6047,"minecraft:walk_on_water_one_cm":79235,"minecraft:total_world_time":606660,"minecraft:interact_with_furnace":65,"minecraft:sleep_in_bed":11,"minecraft:time_since_rest":4532,"minecraft:damage_taken":4220,"minecraft:damage_dealt":10487,"minecraft:swim_one_cm":42812,"minecraft:fly_one_cm":723904,"minecraft:open_chest":141,"minecraft:crouch_one_cm":152355,"minecraft:fall_one_cm":114601},"minecraft:used":{"minecraft:oak_trapdoor":2,"minecraft:spruce_slab":40,"minecraft:stone_shovel":1020,"minecraft:chest":8,"minecraft:spruce_planks":49,"minecraft:shield":57,"minecraft:iron_sword":92,"minecraft:bell":1,"minecraft:stone_hoe":91,"minecraft:dirt":394,"minecraft:spruce_stairs":4,"minecraft:cobblestone_wall":4,"minecraft:carrot":482,"minecraft:spruce_fence":12,"minecraft:iron_hoe":160,"minecraft:glass":255,"minecraft:spruce_boat":15,"minecraft:iron_axe":45,"minecraft:iron_boots":1,"minecraft:bow":19,"minecraft:sweet_berries":25,"minecraft:furnace":9,"minecraft:cobbled_deepslate":4,"minecraft:water_bucket":66,"minecraft:spruce_door":4,"minecraft:stone_pickaxe":177,"minecraft:wooden_pickaxe":13,"minecraft:composter":4,"minecraft:spruce_sign":4,"minecraft:spruce_fence_gate":5,"minecraft:sand":3,"minecraft:crafting_table":18,"minecraft:mushroom_stew":1,"minecraft:white_bed":6,"minecraft:spruce_log":2,"minecraft:iron_pickaxe":51,"minecraft:bread":63,"minecraft:suspicious_stew":3,"minecraft:spruce_trapdoor":29,"minecraft:spruce_sapling":24,"minecraft:stone_axe":289,"minecraft:cobblestone":17,"minecraft:porkchop":3,"minecraft:cooked_porkchop":10,"minecraft:bucket":67,"minecraft:yellow_bed":12,"minecraft:oak_boat":2,"minecraft:bone_meal":42},"minecraft:crafted":{"minecraft:oak_planks":16,"minecraft:stone_shovel":9,"minecraft:raw_iron":18,"minecraft:furnace":6,"minecraft:bone_meal":42,"minecraft:spruce_fence":9,"minecraft:oak_trapdoor":2,"minecraft:glass":366,"minecraft:spruce_stairs":4,"minecraft:iron_boots":1,"minecraft:iron_axe":1,"minecraft:spruce_slab":42,"minecraft:iron_hoe":1,"minecraft:stone_pickaxe":3,"minecraft:cobblestone_wall":6,"minecraft:chest":8,"minecraft:spruce_boat":4,"minecraft:stone_hoe":1,"minecraft:wheat":657,"minecraft:cooked_porkchop":21,"minecraft:spruce_sign":6,"minecraft:crafting_table":5,"minecraft:spruce_planks":588,"minecraft:wooden_pickaxe":1,"minecraft:iron_helmet":1,"minecraft:iron_sword":1,"minecraft:spruce_door":3,"minecraft:bowl":4,"minecraft:bucket":1,"minecraft:stone_axe":3,"minecraft:bread":219,"minecraft:air":0,"minecraft:oak_boat":1,"minecraft:spruce_trapdoor":26,"minecraft:iron_chestplate":1,"minecraft:shield":2,"minecraft:stick":68,"minecraft:iron_ingot":46,"minecraft:iron_pickaxe":1,"minecraft:stone_sword":1,"minecraft:iron_leggings":1,"minecraft:composter":2,"minecraft:spruce_fence_gate":5},"minecraft:mined":{"minecraft:tuff":3,"minecraft:spruce_planks":34,"minecraft:white_bed":8,"minecraft:farmland":1,"minecraft:deepslate_diamond_ore":30,"minecraft:spruce_trapdoor":6,"minecraft:spruce_fence":11,"minecraft:grass_block":55,"minecraft:brown_mushroom_block":45,"minecraft:spruce_leaves":25,"minecraft:composter":4,"minecraft:moss_block":1,"minecraft:large_fern":19,"minecraft:hay_block":74,"minecraft:raw_iron_block":2,"minecraft:oak_trapdoor":2,"minecraft:spruce_sapling":8,"minecraft:furnace":7,"minecraft:carrots":258,"minecraft:iron_ore":18,"minecraft:pumpkin":1,"minecraft:bookshelf":4,"minecraft:deepslate_iron_ore":11,"minecraft:azalea":1,"minecraft:stone":61,"minecraft:white_wool":4,"minecraft:spruce_slab":13,"minecraft:powder_snow":14,"minecraft:crafting_table":15,"minecraft:lectern":1,"minecraft:mushroom_stem":14,"minecraft:glass":11,"minecraft:cobblestone":3,"minecraft:sugar_cane":4,"minecraft:white_terracotta":2,"minecraft:yellow_wool":5,"minecraft:wheat":4,"minecraft:sweet_berry_bush":15,"minecraft:ice":2,"minecraft:spruce_log":149,"minecraft:yellow_bed":12,"minecraft:grass":34,"minecraft:oak_log":7,"minecraft:coal_ore":54,"minecraft:mycelium":227,"minecraft:dirt":138,"minecraft:sand":829,"minecraft:red_mushroom_block":49,"minecraft:stonecutter":1,"minecraft:oak_leaves":2,"minecraft:deepslate":46,"minecraft:fern":8},"minecraft:picked_up":{"minecraft:iron_chestplate":2,"minecraft:crafting_table":17,"minecraft:yellow_wool":5,"minecraft:brown_mushroom":22,"minecraft:lead":1,"minecraft:shield":2,"minecraft:string":4,"minecraft:oak_trapdoor":2,"minecraft:iron_leggings":1,"minecraft:cobbled_deepslate":69,"minecraft:spruce_planks":387,"minecraft:beef":7,"minecraft:oak_boat":1,"minecraft:azalea":1,"minecraft:spruce_slab":16,"minecraft:poppy":1,"minecraft:iron_pickaxe":2,"minecraft:lectern":1,"minecraft:sugar_cane":11,"minecraft:spruce_trapdoor":9,"minecraft:phantom_membrane":5,"minecraft:furnace":7,"minecraft:iron_boots":2,"minecraft:egg":2,"minecraft:stick":7,"minecraft:raw_iron":35,"minecraft:composter":4,"minecraft:torch":2,"minecraft:bowl":1,"minecraft:spruce_fence":11,"minecraft:fire_charge":1,"minecraft:porkchop":24,"minecraft:carrot":865,"minecraft:stone_sword":1,"minecraft:arrow":28,"minecraft:rotten_flesh":25,"minecraft:hay_block":73,"minecraft:white_terracotta":2,"minecraft:mutton":6,"minecraft:white_wool":4,"minecraft:cobblestone":63,"minecraft:glow_ink_sac":5,"minecraft:water_bucket":2,"minecraft:leather":5,"minecraft:red_mushroom":14,"minecraft:mushroom_stew":3,"minecraft:tuff":3,"minecraft:oak_log":7,"minecraft:golden_boots":3,"minecraft:yellow_bed":12,"minecraft:dirt":412,"minecraft:bone":20,"minecraft:kelp":5,"minecraft:bow":6,"minecraft:wheat_seeds":9,"minecraft:bell":1,"minecraft:rabbit_hide":1,"minecraft:iron_ingot":7,"minecraft:stone_pickaxe":2,"minecraft:rabbit":1,"minecraft:moss_block":1,"minecraft:iron_sword":1,"minecraft:book":12,"minecraft:pumpkin":1,"minecraft:sweet_berries":28,"minecraft:raw_iron_block":2,"minecraft:sand":830,"minecraft:spruce_sapling":27,"minecraft:white_bed":8,"minecraft:spruce_log":149,"minecraft:spruce_door":5,"minecraft:spider_eye":1,"minecraft:spruce_fence_gate":1,"minecraft:diamond":35,"minecraft:spruce_boat":14,"minecraft:stone_axe":2,"minecraft:iron_helmet":2,"minecraft:bread":143,"minecraft:oak_sapling":1,"minecraft:coal":123},"minecraft:dropped":{"minecraft:water_bucket":1,"minecraft:golden_boots":2,"minecraft:brown_mushroom":5,"minecraft:wheat_seeds":7,"minecraft:leather":5,"minecraft:spruce_fence_gate":1,"minecraft:stick":4,"minecraft:mushroom_stew":6,"minecraft:red_mushroom":2,"minecraft:dirt":18,"minecraft:torch":2,"minecraft:mutton":6,"minecraft:rabbit":1,"minecraft:fire_charge":2,"minecraft:phantom_membrane":5,"minecraft:string":1,"minecraft:white_wool":1,"minecraft:bone":1,"minecraft:stone_axe":1,"minecraft:sweet_berries":3,"minecraft:kelp":5,"minecraft:oak_trapdoor":2,"minecraft:cobblestone_wall":2,"minecraft:stone_sword":1,"minecraft:bowl":5,"minecraft:rotten_flesh":10,"minecraft:oak_planks":1,"minecraft:white_terracotta":2,"minecraft:spruce_fence":4,"minecraft:carrot":328,"minecraft:poppy":1,"minecraft:rabbit_hide":1,"minecraft:spruce_boat":2,"minecraft:oak_sapling":1,"minecraft:golden_sword":1,"minecraft:spider_eye":1,"minecraft:bow":1,"minecraft:arrow":4,"minecraft:stone_pickaxe":1,"minecraft:wooden_pickaxe":1,"minecraft:egg":2},"minecraft:broken":{"minecraft:shield":1,"minecraft:stone_axe":2,"minecraft:stone_shovel":7},"minecraft:killed_by":{"minecraft:creeper":1,"minecraft:skeleton":1},"minecraft:killed":{"minecraft:spider":3,"minecraft:phantom":5,"minecraft:skeleton":16,"minecraft:drowned":2,"minecraft:pig":12,"minecraft:iron_golem":1,"minecraft:sheep":1,"minecraft:zombie":14,"minecraft:cow":4}},"DataVersion":3218}