{"stats":{"minecraft:mined":{"minecraft:white_bed":5,"minecraft:deepslate_diamond_ore":2,"minecraft:powder_snow":14,"minecraft:crafting_table":8,"minecraft:grass_block":18,"minecraft:spruce_fence":6,"minecraft:lectern":1,"minecraft:mushroom_stem":3,"minecraft:cobblestone":2,"minecraft:composter":4,"minecraft:spruce_leaves":25,"minecraft:sugar_cane":4,"minecraft:moss_block":1,"minecraft:white_terracotta":2,"minecraft:hay_block":74,"minecraft:large_fern":19,"minecraft:spruce_sapling":4,"minecraft:furnace":3,"minecraft:carrots":16,"minecraft:yellow_wool":5,"minecraft:iron_ore":12,"minecraft:wheat":4,"minecraft:sweet_berry_bush":14,"minecraft:ice":2,"minecraft:spruce_log":88,"minecraft:pumpkin":1,"minecraft:yellow_bed":4,"minecraft:grass":24,"minecraft:bookshelf":4,"minecraft:oak_log":4,"minecraft:coal_ore":54,"minecraft:mycelium":18,"minecraft:deepslate_iron_ore":9,"minecraft:dirt":66,"minecraft:azalea":1,"minecraft:red_mushroom_block":4,"minecraft:stonecutter":1,"minecraft:stone":46,"minecraft:deepslate":1,"minecraft:white_wool":4,"minecraft:oak_leaves":2,"minecraft:fern":8},"minecraft:dropped":{"minecraft:water_bucket":1,"minecraft:kelp":5,"minecraft:wheat_seeds":6,"minecraft:oak_planks":1,"minecraft:leather":5,"minecraft:white_terracotta":2,"minecraft:spruce_fence":2,"minecraft:poppy":1,"minecraft:dirt":11,"minecraft:torch":2,"minecraft:mutton":6,"minecraft:oak_sapling":1,"minecraft:fire_charge":2,"minecraft:golden_sword":1,"minecraft:phantom_membrane":5,"minecraft:bow":1,"minecraft:wooden_pickaxe":1,"minecraft:white_wool":1,"minecraft:bone":1},"minecraft:broken":{"minecraft:stone_axe":1},"minecraft:custom":{"minecraft:interact_with_furnace":26,"minecraft:mob_kills":29,"minecraft:interact_with_crafting_table":24,"minecraft:bell_ring":3,"minecraft:time_since_death":287766,"minecraft:sleep_in_bed":3,"minecraft:time_since_rest":24574,"minecraft:sprint_one_cm":193776,"minecraft:damage_taken":735,"minecraft:walk_one_cm":219171,"minecraft:drop":36,"minecraft:damage_dealt":5020,"minecraft:swim_one_cm":6936,"minecraft:talked_to_villager":2,"minecraft:fly_one_cm":329146,"minecraft:open_chest":14,"minecraft:crouch_one_cm":30371,"minecraft:play_time":287766,"minecraft:sneak_time":11094,"minecraft:walk_under_water_one_cm":5198,"minecraft:boat_one_cm":439393,"minecraft:jump":3738,"minecraft:walk_on_water_one_cm":29777,"minecraft:total_world_time":287766,"minecraft:fall_one_cm":44775},"minecraft:picked_up":{"minecraft:crafting_table":8,"minecraft:yellow_wool":5,"minecraft:leather":5,"minecraft:oak_log":4,"minecraft:yellow_bed":4,"minecraft:dirt":98,"minecraft:bone":1,"minecraft:kelp":5,"minecraft:bow":1,"minecraft:wheat_seeds":7,"minecraft:cobbled_deepslate":1,"minecraft:bell":1,"minecraft:iron_ingot":5,"minecraft:beef":7,"minecraft:azalea":1,"minecraft:poppy":1,"minecraft:lectern":1,"minecraft:moss_block":1,"minecraft:sugar_cane":9,"minecraft:phantom_membrane":5,"minecraft:furnace":3,"minecraft:book":12,"minecraft:stick":5,"minecraft:raw_iron":21,"minecraft:pumpkin":1,"minecraft:sweet_berries":26,"minecraft:composter":4,"minecraft:torch":2,"minecraft:fire_charge":1,"minecraft:spruce_fence":6,"minecraft:porkchop":24,"minecraft:spruce_sapling":22,"minecraft:white_bed":5,"minecraft:carrot":16,"minecraft:spruce_log":88,"minecraft:rotten_flesh":3,"minecraft:arrow":2,"minecraft:diamond":2,"minecraft:spruce_boat":11,"minecraft:hay_block":73,"minecraft:white_terracotta":2,"minecraft:oak_sapling":1,"minecraft:mutton":6,"minecraft:coal":123,"minecraft:white_wool":4,"minecraft:cobblestone":48},"minecraft:killed":{"minecraft:pig":12,"minecraft:iron_golem":1,"minecraft:phantom":5,"minecraft:sheep":1,"minecraft:skeleton":1,"minecraft:zombie":5,"minecraft:cow":4},"minecraft:crafted":{"minecraft:oak_planks":16,"minecraft:cooked_porkchop":21,"minecraft:crafting_table":3,"minecraft:spruce_planks":344,"minecraft:iron_helmet":1,"minecraft:wooden_pickaxe":1,"minecraft:furnace":2,"minecraft:bucket":1,"minecraft:spruce_fence":3,"minecraft:stone_axe":2,"minecraft:oak_trapdoor":2,"minecraft:bread":219,"minecraft:air":0,"minecraft:oak_boat":1,"minecraft:iron_chestplate":1,"minecraft:iron_boots":1,"minecraft:shield":1,"minecraft:stick":12,"minecraft:iron_ingot":19,"minecraft:iron_pickaxe":1,"minecraft:stone_pickaxe":2,"minecraft:chest":8,"minecraft:spruce_boat":1,"minecraft:stone_hoe":1,"minecraft:wheat":657},"minecraft:used":{"minecraft:oak_trapdoor":2,"minecraft:water_bucket":3,"minecraft:stone_pickaxe":120,"minecraft:chest":8,"minecraft:wooden_pickaxe":13,"minecraft:composter":2,"minecraft:bell":1,"minecraft:stone_hoe":1,"minecraft:dirt":84,"minecraft:crafting_table":9,"minecraft:carrot":1,"minecraft:white_bed":3,"minecraft:spruce_fence":7,"minecraft:spruce_log":2,"minecraft:spruce_boat":11,"minecraft:iron_pickaxe":2,"minecraft:bread":5,"minecraft:spruce_sapling":20,"minecraft:stone_axe":167,"minecraft:cobblestone":17,"minecraft:porkchop":3,"minecraft:furnace":5,"minecraft:cooked_porkchop":10,"minecraft:bucket":3}},"DataVersion":3218}