{"stats":{"minecraft:custom":{"minecraft:interact_with_furnace":20,"minecraft:mob_kills":19,"minecraft:interact_with_crafting_table":20,"minecraft:bell_ring":20,"minecraft:leave_game":16,"minecraft:time_since_death":43567,"minecraft:time_since_rest":44238,"minecraft:sprint_one_cm":184073,"minecraft:damage_taken":1084,"minecraft:walk_one_cm":192758,"minecraft:drop":2,"minecraft:damage_dealt":2127,"minecraft:swim_one_cm":100931,"minecraft:talked_to_villager":7,"minecraft:fly_one_cm":195388,"minecraft:open_chest":18,"minecraft:crouch_one_cm":17560,"minecraft:play_time":103356,"minecraft:deaths":3,"minecraft:sneak_time":7198,"minecraft:walk_under_water_one_cm":32941,"minecraft:jump":1271,"minecraft:walk_on_water_one_cm":21481,"minecraft:total_world_time":103356,"minecraft:fall_one_cm":23787},"minecraft:broken":{"minecraft:stone_pickaxe":1,"minecraft:wooden_axe":1},"minecraft:used":{"minecraft:stone_pickaxe":153,"minecraft:oak_planks":2,"minecraft:chest":6,"minecraft:wooden_pickaxe":42,"minecraft:cooked_chicken":1,"minecraft:iron_chestplate":1,"minecraft:orange_bed":1,"minecraft:dirt":4,"minecraft:crafting_table":9,"minecraft:red_bed":1,"minecraft:wooden_axe":84,"minecraft:apple":1,"minecraft:iron_axe":4,"minecraft:bread":5,"minecraft:iron_helmet":1,"minecraft:furnace":1,"minecraft:cooked_porkchop":2,"minecraft:acacia_wood":3,"minecraft:egg":1,"minecraft:acacia_planks":9},"minecraft:killed_by":{"minecraft:drowned":2},"minecraft:dropped":{"minecraft:stick":1,"minecraft:wooden_pickaxe":1},"minecraft:killed":{"minecraft:pig":6,"minecraft:zombie_villager":1,"minecraft:chicken":1,"minecraft:cow":11},"minecraft:mined":{"minecraft:glass_pane":1,"minecraft:red_bed":1,"minecraft:powder_snow":4,"minecraft:crafting_table":7,"minecraft:acacia_log":20,"minecraft:grass_block":9,"minecraft:chest":6,"minecraft:sugar_cane":5,"minecraft:cartography_table":1,"minecraft:magma_block":1,"minecraft:furnace":1,"minecraft:iron_ore":59,"minecraft:wheat":2,"minecraft:acacia_wood":5,"minecraft:brown_wall_banner":6,"minecraft:grass":13,"minecraft:oak_log":21,"minecraft:coal_ore":30,"minecraft:gravel":2,"minecraft:dirt":4,"minecraft:acacia_planks":2,"minecraft:stone":54,"minecraft:netherrack":43,"minecraft:oak_leaves":6,"minecraft:fern":1,"minecraft:orange_bed":1},"minecraft:crafted":{"minecraft:oak_planks":44,"minecraft:cooked_porkchop":2,"minecraft:crafting_table":4,"minecraft:wooden_pickaxe":3,"minecraft:iron_helmet":1,"minecraft:cooked_chicken":1,"minecraft:furnace":1,"minecraft:stone_axe":1,"minecraft:air":0,"minecraft:iron_boots":1,"minecraft:iron_chestplate":1,"minecraft:iron_axe":1,"minecraft:stick":20,"minecraft:iron_ingot":48,"minecraft:stone_pickaxe":2,"minecraft:wooden_axe":3,"minecraft:iron_leggings":1,"minecraft:acacia_planks":28},"minecraft:picked_up":{"minecraft:crafting_table":7,"minecraft:magma_block":1,"minecraft:chicken":1,"minecraft:leather":12,"minecraft:wooden_pickaxe":1,"minecraft:acacia_wood":5,"minecraft:oak_log":21,"minecraft:dirt":13,"minecraft:red_bed":1,"minecraft:acacia_door":1,"minecraft:acacia_planks":2,"minecraft:apple":1,"minecraft:wheat_seeds":10,"minecraft:cartography_table":1,"minecraft:beef":23,"minecraft:tall_grass":1,"minecraft:sugar_cane":13,"minecraft:chest":6,"minecraft:oak_planks":11,"minecraft:acacia_sapling":3,"minecraft:egg":1,"minecraft:furnace":1,"minecraft:stick":2,"minecraft:raw_iron":59,"minecraft:torch":2,"minecraft:acacia_log":20,"minecraft:gravel":2,"minecraft:porkchop":11,"minecraft:orange_bed":1,"minecraft:rotten_flesh":1,"minecraft:brown_banner":6,"minecraft:netherrack":29,"minecraft:coal":44,"minecraft:cobblestone":53}},"DataVersion":3218}