{"stats":{"minecraft:mined":{"minecraft:spruce_leaves":2,"minecraft:spruce_log":8,"minecraft:crafting_table":1},"minecraft:picked_up":{"minecraft:crafting_table":1,"minecraft:spruce_sapling":2,"minecraft:spruce_log":8},"minecraft:custom":{"minecraft:time_since_rest":6006,"minecraft:crouch_one_cm":287,"minecraft:sprint_one_cm":3840,"minecraft:play_time":6006,"minecraft:damage_taken":216,"minecraft:walk_one_cm":4240,"minecraft:sneak_time":187,"minecraft:jump":13,"minecraft:leave_game":2,"minecraft:time_since_death":6006,"minecraft:total_world_time":6006,"minecraft:interact_with_crafting_table":2,"minecraft:fall_one_cm":753,"minecraft:fly_one_cm":3447},"minecraft:crafted":{"minecraft:crafting_table":1,"minecraft:spruce_planks":32,"minecraft:stick":4,"minecraft:wooden_pickaxe":1},"minecraft:used":{"minecraft:crafting_table":1}},"DataVersion":3218}