{"stats":{"minecraft:custom":{"minecraft:time_since_rest":504,"minecraft:interact_with_furnace":20,"minecraft:sprint_one_cm":50110,"minecraft:damage_taken":764,"minecraft:walk_one_cm":74541,"minecraft:mob_kills":3,"minecraft:drop":1,"minecraft:damage_dealt":517,"minecraft:swim_one_cm":93384,"minecraft:interact_with_crafting_table":16,"minecraft:fly_one_cm":33815,"minecraft:open_chest":4,"minecraft:play_time":49332,"minecraft:crouch_one_cm":10005,"minecraft:deaths":2,"minecraft:sneak_time":3912,"minecraft:walk_under_water_one_cm":23799,"minecraft:jump":604,"minecraft:leave_game":3,"minecraft:time_since_death":468,"minecraft:walk_on_water_one_cm":17963,"minecraft:total_world_time":49332,"minecraft:fall_one_cm":9884},"minecraft:broken":{"minecraft:stone_pickaxe":1},"minecraft:used":{"minecraft:wooden_axe":21,"minecraft:apple":1,"minecraft:stone_pickaxe":153,"minecraft:iron_axe":4,"minecraft:iron_helmet":1,"minecraft:wooden_pickaxe":24,"minecraft:cooked_chicken":1,"minecraft:iron_chestplate":1,"minecraft:crafting_table":4,"minecraft:furnace":1,"minecraft:cooked_porkchop":2,"minecraft:egg":1},"minecraft:killed_by":{"minecraft:drowned":2},"minecraft:dropped":{"minecraft:wooden_pickaxe":1},"minecraft:killed":{"minecraft:pig":1,"minecraft:chicken":1,"minecraft:zombie_villager":1},"minecraft:mined":{"minecraft:magma_block":1,"minecraft:furnace":1,"minecraft:iron_ore":59,"minecraft:powder_snow":4,"minecraft:crafting_table":3,"minecraft:grass":1,"minecraft:grass_block":4,"minecraft:oak_log":15,"minecraft:coal_ore":23,"minecraft:gravel":2,"minecraft:dirt":3,"minecraft:stone":43,"minecraft:netherrack":43,"minecraft:oak_leaves":6},"minecraft:crafted":{"minecraft:oak_planks":20,"minecraft:iron_chestplate":1,"minecraft:iron_boots":1,"minecraft:cooked_porkchop":2,"minecraft:iron_axe":1,"minecraft:crafting_table":2,"minecraft:stick":12,"minecraft:cooked_chicken":1,"minecraft:wooden_pickaxe":1,"minecraft:iron_ingot":48,"minecraft:iron_helmet":1,"minecraft:stone_pickaxe":2,"minecraft:wooden_axe":1,"minecraft:iron_leggings":1,"minecraft:furnace":1,"minecraft:stone_axe":1,"minecraft:air":0},"minecraft:picked_up":{"minecraft:crafting_table":3,"minecraft:magma_block":1,"minecraft:raw_iron":59,"minecraft:chicken":1,"minecraft:wooden_pickaxe":1,"minecraft:gravel":2,"minecraft:porkchop":2,"minecraft:oak_log":15,"minecraft:dirt":7,"minecraft:rotten_flesh":1,"minecraft:apple":1,"minecraft:netherrack":29,"minecraft:coal":39,"minecraft:cobblestone":42,"minecraft:furnace":1,"minecraft:egg":1}},"DataVersion":3218}