{"stats":{"minecraft:custom":{"minecraft:jump":5,"minecraft:time_since_rest":4576,"minecraft:play_time":4576,"minecraft:time_since_death":4576,"minecraft:walk_one_cm":1496,"minecraft:total_world_time":4576,"minecraft:interact_with_crafting_table":1},"minecraft:used":{"minecraft:egg":1,"minecraft:crafting_table":1},"minecraft:mined":{"minecraft:oak_log":4,"minecraft:oak_leaves":3},"minecraft:crafted":{"minecraft:crafting_table":1,"minecraft:oak_planks":16},"minecraft:picked_up":{"minecraft:oak_log":4,"minecraft:apple":1,"minecraft:egg":1}},"DataVersion":3218}