{"stats":{"minecraft:dropped":{"minecraft:wheat_seeds":9},"minecraft:mined":{"minecraft:smithing_table":1,"minecraft:smoker":4,"minecraft:brewing_stand":1,"minecraft:crafting_table":4,"minecraft:blast_furnace":3,"minecraft:grass_block":6,"minecraft:spruce_leaves":2,"minecraft:sugar_cane":4,"minecraft:diorite":1,"minecraft:furnace":4,"minecraft:carrots":9,"minecraft:iron_ore":36,"minecraft:barrel":7,"minecraft:wheat":9,"minecraft:sweet_berry_bush":2,"minecraft:spruce_log":8,"minecraft:potatoes":50,"minecraft:coal_ore":19,"minecraft:gravel":4,"minecraft:dirt":18,"minecraft:netherrack":10,"minecraft:stone":72,"minecraft:fern":1},"minecraft:custom":{"minecraft:interact_with_furnace":16,"minecraft:mob_kills":18,"minecraft:interact_with_crafting_table":5,"minecraft:open_barrel":4,"minecraft:leave_game":6,"minecraft:time_since_death":53768,"minecraft:time_since_rest":53800,"minecraft:sprint_one_cm":225939,"minecraft:damage_taken":776,"minecraft:walk_one_cm":179378,"minecraft:drop":1,"minecraft:damage_dealt":1800,"minecraft:swim_one_cm":3336,"minecraft:talked_to_villager":4,"minecraft:fly_one_cm":314531,"minecraft:open_chest":6,"minecraft:crouch_one_cm":13691,"minecraft:play_time":83871,"minecraft:deaths":2,"minecraft:sneak_time":4963,"minecraft:walk_under_water_one_cm":3685,"minecraft:jump":1328,"minecraft:interact_with_blast_furnace":17,"minecraft:walk_on_water_one_cm":5073,"minecraft:interact_with_smoker":12,"minecraft:total_world_time":83871,"minecraft:fall_one_cm":33592},"minecraft:picked_up":{"minecraft:crafting_table":5,"minecraft:leather":5,"minecraft:smithing_table":2,"minecraft:wooden_pickaxe":1,"minecraft:smoker":5,"minecraft:potato":103,"minecraft:brewing_stand":2,"minecraft:dirt":27,"minecraft:wheat_seeds":9,"minecraft:spruce_planks":21,"minecraft:beef":7,"minecraft:stone_pickaxe":1,"minecraft:sugar_cane":15,"minecraft:furnace":7,"minecraft:stick":2,"minecraft:raw_iron":38,"minecraft:sweet_berries":6,"minecraft:porkchop":22,"minecraft:gravel":2,"minecraft:spruce_sapling":4,"minecraft:blast_furnace":4,"minecraft:diorite":1,"minecraft:carrot":18,"minecraft:spruce_log":8,"minecraft:barrel":10,"minecraft:stone_axe":1,"minecraft:emerald":2,"minecraft:netherrack":10,"minecraft:coal":72,"minecraft:snowball":3,"minecraft:cobblestone":96},"minecraft:killed":{"minecraft:pig":14,"minecraft:cow":4},"minecraft:killed_by":{"minecraft:skeleton":1,"minecraft:zombie":1},"minecraft:crafted":{"minecraft:cooked_beef":7,"minecraft:cooked_porkchop":22,"minecraft:crafting_table":1,"minecraft:spruce_planks":32,"minecraft:wooden_pickaxe":1,"minecraft:iron_helmet":1,"minecraft:furnace":1,"minecraft:stone_axe":1,"minecraft:air":0,"minecraft:iron_boots":1,"minecraft:iron_chestplate":1,"minecraft:shield":1,"minecraft:stick":8,"minecraft:iron_ingot":27,"minecraft:stone_pickaxe":1,"minecraft:iron_leggings":1},"minecraft:used":{"minecraft:stone_pickaxe":124,"minecraft:wooden_pickaxe":27,"minecraft:dirt":10,"minecraft:crafting_table":4,"minecraft:blast_furnace":2,"minecraft:smoker":3,"minecraft:bread":2,"minecraft:gravel":2,"minecraft:barrel":4,"minecraft:stone_axe":36,"minecraft:cobblestone":11,"minecraft:furnace":2,"minecraft:potato":2,"minecraft:cooked_beef":4}},"DataVersion":3218}