{"stats":{"minecraft:custom":{"minecraft:interact_with_furnace":20,"minecraft:mob_kills":18,"minecraft:interact_with_crafting_table":20,"minecraft:leave_game":7,"minecraft:time_since_death":7733,"minecraft:time_since_rest":8404,"minecraft:sprint_one_cm":82518,"minecraft:damage_taken":1064,"minecraft:walk_one_cm":113267,"minecraft:drop":2,"minecraft:damage_dealt":2027,"minecraft:swim_one_cm":100931,"minecraft:fly_one_cm":98714,"minecraft:open_chest":4,"minecraft:crouch_one_cm":12671,"minecraft:play_time":67522,"minecraft:deaths":3,"minecraft:sneak_time":5504,"minecraft:walk_under_water_one_cm":32941,"minecraft:jump":911,"minecraft:walk_on_water_one_cm":21481,"minecraft:total_world_time":67522,"minecraft:fall_one_cm":16702},"minecraft:broken":{"minecraft:stone_pickaxe":1},"minecraft:used":{"minecraft:stone_pickaxe":153,"minecraft:wooden_pickaxe":42,"minecraft:cooked_chicken":1,"minecraft:iron_chestplate":1,"minecraft:crafting_table":8,"minecraft:wooden_axe":48,"minecraft:apple":1,"minecraft:iron_axe":4,"minecraft:iron_helmet":1,"minecraft:furnace":1,"minecraft:cooked_porkchop":2,"minecraft:egg":1},"minecraft:killed_by":{"minecraft:drowned":2},"minecraft:dropped":{"minecraft:stick":1,"minecraft:wooden_pickaxe":1},"minecraft:mined":{"minecraft:powder_snow":4,"minecraft:crafting_table":6,"minecraft:acacia_log":1,"minecraft:grass_block":4,"minecraft:sugar_cane":5,"minecraft:magma_block":1,"minecraft:furnace":1,"minecraft:iron_ore":59,"minecraft:grass":9,"minecraft:oak_log":21,"minecraft:coal_ore":30,"minecraft:gravel":2,"minecraft:dirt":3,"minecraft:stone":54,"minecraft:netherrack":43,"minecraft:oak_leaves":6,"minecraft:fern":1},"minecraft:killed":{"minecraft:pig":5,"minecraft:zombie_villager":1,"minecraft:chicken":1,"minecraft:cow":11},"minecraft:crafted":{"minecraft:oak_planks":44,"minecraft:cooked_porkchop":2,"minecraft:crafting_table":4,"minecraft:wooden_pickaxe":3,"minecraft:iron_helmet":1,"minecraft:cooked_chicken":1,"minecraft:furnace":1,"minecraft:stone_axe":1,"minecraft:air":0,"minecraft:iron_boots":1,"minecraft:iron_chestplate":1,"minecraft:iron_axe":1,"minecraft:stick":20,"minecraft:iron_ingot":48,"minecraft:stone_pickaxe":2,"minecraft:wooden_axe":3,"minecraft:iron_leggings":1,"minecraft:acacia_planks":4},"minecraft:picked_up":{"minecraft:magma_block":1,"minecraft:crafting_table":6,"minecraft:chicken":1,"minecraft:leather":12,"minecraft:wooden_pickaxe":1,"minecraft:oak_log":21,"minecraft:dirt":7,"minecraft:apple":1,"minecraft:wheat_seeds":2,"minecraft:beef":23,"minecraft:sugar_cane":13,"minecraft:oak_planks":11,"minecraft:egg":1,"minecraft:furnace":1,"minecraft:stick":2,"minecraft:raw_iron":59,"minecraft:acacia_log":1,"minecraft:gravel":2,"minecraft:porkchop":8,"minecraft:rotten_flesh":1,"minecraft:netherrack":29,"minecraft:coal":44,"minecraft:cobblestone":53}},"DataVersion":3218}