{"stats":{"minecraft:dropped":{"minecraft:wheat_seeds":9,"minecraft:glow_ink_sac":1,"minecraft:golden_apple":2,"minecraft:mushroom_stew":3,"minecraft:dirt":2,"minecraft:sweet_berries":6,"minecraft:sugar_cane":6,"minecraft:cobbled_deepslate":8,"minecraft:bowl":1,"minecraft:wheat":1,"minecraft:rotten_flesh":1,"minecraft:rabbit_hide":2,"minecraft:egg":1},"minecraft:mined":{"minecraft:tuff":1,"minecraft:white_bed":1,"minecraft:deepslate_diamond_ore":8,"minecraft:brewing_stand":1,"minecraft:grass_block":12,"minecraft:spruce_leaves":46,"minecraft:spawner":1,"minecraft:raw_iron_block":1,"minecraft:furnace":7,"minecraft:carrots":9,"minecraft:iron_ore":36,"minecraft:barrel":7,"minecraft:bell":2,"minecraft:potatoes":50,"minecraft:stone":72,"minecraft:smithing_table":1,"minecraft:deepslate_redstone_ore":2,"minecraft:smoker":6,"minecraft:dandelion":1,"minecraft:crafting_table":6,"minecraft:cornflower":1,"minecraft:blast_furnace":4,"minecraft:mushroom_stem":5,"minecraft:tall_grass":1,"minecraft:cobblestone":6,"minecraft:deepslate_gold_ore":6,"minecraft:sugar_cane":13,"minecraft:diorite":1,"minecraft:purple_bed":2,"minecraft:sweet_berry_bush":2,"minecraft:wheat":9,"minecraft:spruce_log":66,"minecraft:grass":4,"minecraft:coal_ore":26,"minecraft:loom":2,"minecraft:gravel":4,"minecraft:dirt":18,"minecraft:netherrack":10,"minecraft:deepslate":28,"minecraft:fern":1},"minecraft:broken":{"minecraft:stone_pickaxe":1},"minecraft:custom":{"minecraft:mob_kills":59,"minecraft:interact_with_crafting_table":12,"minecraft:open_barrel":4,"minecraft:leave_game":15,"minecraft:time_since_death":135320,"minecraft:sprint_one_cm":426092,"minecraft:walk_one_cm":367306,"minecraft:damage_blocked_by_shield":875,"minecraft:drop":15,"minecraft:talked_to_villager":5,"minecraft:play_time":239196,"minecraft:deaths":3,"minecraft:sneak_time":11232,"minecraft:walk_under_water_one_cm":11315,"minecraft:boat_one_cm":116822,"minecraft:jump":3036,"minecraft:interact_with_blast_furnace":19,"minecraft:walk_on_water_one_cm":27030,"minecraft:total_world_time":239196,"minecraft:interact_with_furnace":19,"minecraft:interact_with_loom":2,"minecraft:sleep_in_bed":1,"minecraft:time_since_rest":72222,"minecraft:damage_taken":2183,"minecraft:damage_dealt":7735,"minecraft:swim_one_cm":15524,"minecraft:fly_one_cm":1582766,"minecraft:open_chest":18,"minecraft:crouch_one_cm":27306,"minecraft:interact_with_smoker":24,"minecraft:fall_one_cm":86381},"minecraft:picked_up":{"minecraft:charcoal":7,"minecraft:crafting_table":7,"minecraft:wheat":1,"minecraft:smithing_table":2,"minecraft:wooden_pickaxe":1,"minecraft:brewing_stand":2,"minecraft:cornflower":1,"minecraft:cobbled_deepslate":24,"minecraft:spruce_planks":26,"minecraft:beef":30,"minecraft:sugar_cane":45,"minecraft:egg":1,"minecraft:furnace":10,"minecraft:raw_iron":38,"minecraft:stick":8,"minecraft:bowl":1,"minecraft:porkchop":39,"minecraft:diorite":1,"minecraft:carrot":18,"minecraft:redstone":9,"minecraft:arrow":3,"minecraft:rotten_flesh":6,"minecraft:snowball":3,"minecraft:cobblestone":102,"minecraft:glow_ink_sac":1,"minecraft:leather":16,"minecraft:smoker":7,"minecraft:potato":103,"minecraft:mushroom_stew":3,"minecraft:gunpowder":1,"minecraft:dirt":38,"minecraft:bone":4,"minecraft:kelp":7,"minecraft:wheat_seeds":11,"minecraft:raw_gold":6,"minecraft:bell":2,"minecraft:rabbit_hide":2,"minecraft:stone_pickaxe":1,"minecraft:sweet_berries":6,"minecraft:dandelion":1,"minecraft:raw_iron_block":1,"minecraft:gravel":2,"minecraft:spruce_sapling":10,"minecraft:blast_furnace":5,"minecraft:loom":2,"minecraft:white_bed":1,"minecraft:spruce_log":66,"minecraft:barrel":10,"minecraft:purple_bed":2,"minecraft:diamond":8,"minecraft:stone_axe":1,"minecraft:spruce_boat":6,"minecraft:golden_apple":2,"minecraft:emerald":2,"minecraft:netherrack":10,"minecraft:coal":96},"minecraft:killed":{"minecraft:witch":1,"minecraft:spider":2,"minecraft:skeleton":2,"minecraft:pig":24,"minecraft:creeper":1,"minecraft:zombie":13,"minecraft:cow":16},"minecraft:killed_by":{"minecraft:enderman":1,"minecraft:skeleton":1,"minecraft:zombie":1},"minecraft:crafted":{"minecraft:furnace":1,"minecraft:iron_boots":1,"minecraft:iron_axe":1,"minecraft:stone_pickaxe":1,"minecraft:chest":10,"minecraft:cooked_beef":30,"minecraft:wooden_shovel":1,"minecraft:cooked_porkchop":39,"minecraft:crafting_table":3,"minecraft:spruce_planks":104,"minecraft:wooden_pickaxe":1,"minecraft:iron_helmet":1,"minecraft:stone_axe":1,"minecraft:air":0,"minecraft:iron_chestplate":1,"minecraft:charcoal":4,"minecraft:shield":1,"minecraft:stick":12,"minecraft:iron_ingot":36,"minecraft:iron_pickaxe":1,"minecraft:iron_leggings":1},"minecraft:used":{"minecraft:chest":10,"minecraft:shield":21,"minecraft:wooden_shovel":5,"minecraft:bell":2,"minecraft:dirt":10,"minecraft:spruce_boat":5,"minecraft:iron_axe":146,"minecraft:barrel":4,"minecraft:furnace":8,"minecraft:cooked_beef":14,"minecraft:potato":2,"minecraft:cobbled_deepslate":4,"minecraft:stone_pickaxe":131,"minecraft:wooden_pickaxe":27,"minecraft:crafting_table":8,"minecraft:blast_furnace":4,"minecraft:smoker":6,"minecraft:bread":2,"minecraft:iron_pickaxe":61,"minecraft:gravel":2,"minecraft:stone_axe":36,"minecraft:cobblestone":29,"minecraft:purple_bed":1,"minecraft:cooked_porkchop":7}},"DataVersion":3218}