{"stats":{"minecraft:dropped":{"minecraft:sweet_berries":6,"minecraft:sugar_cane":6,"minecraft:wheat_seeds":9,"minecraft:glow_ink_sac":1,"minecraft:cobbled_deepslate":8,"minecraft:wheat":1,"minecraft:rotten_flesh":1,"minecraft:rabbit_hide":2,"minecraft:dirt":2,"minecraft:egg":1},"minecraft:mined":{"minecraft:smithing_table":1,"minecraft:deepslate_redstone_ore":2,"minecraft:tuff":1,"minecraft:deepslate_diamond_ore":8,"minecraft:smoker":5,"minecraft:dandelion":1,"minecraft:brewing_stand":1,"minecraft:crafting_table":6,"minecraft:blast_furnace":4,"minecraft:grass_block":7,"minecraft:tall_grass":1,"minecraft:cobblestone":6,"minecraft:spruce_leaves":46,"minecraft:deepslate_gold_ore":6,"minecraft:sugar_cane":13,"minecraft:diorite":1,"minecraft:spawner":1,"minecraft:purple_bed":2,"minecraft:raw_iron_block":1,"minecraft:furnace":5,"minecraft:carrots":9,"minecraft:iron_ore":36,"minecraft:barrel":7,"minecraft:wheat":9,"minecraft:sweet_berry_bush":2,"minecraft:spruce_log":66,"minecraft:grass":2,"minecraft:potatoes":50,"minecraft:coal_ore":26,"minecraft:gravel":4,"minecraft:dirt":18,"minecraft:stone":72,"minecraft:netherrack":10,"minecraft:deepslate":10,"minecraft:fern":1},"minecraft:broken":{"minecraft:stone_pickaxe":1},"minecraft:custom":{"minecraft:interact_with_furnace":18,"minecraft:mob_kills":58,"minecraft:interact_with_crafting_table":7,"minecraft:open_barrel":4,"minecraft:leave_game":10,"minecraft:time_since_death":73365,"minecraft:sleep_in_bed":1,"minecraft:time_since_rest":10267,"minecraft:sprint_one_cm":374029,"minecraft:damage_taken":1717,"minecraft:walk_one_cm":315648,"minecraft:damage_blocked_by_shield":635,"minecraft:drop":10,"minecraft:damage_dealt":7176,"minecraft:swim_one_cm":15524,"minecraft:talked_to_villager":5,"minecraft:fly_one_cm":1472286,"minecraft:open_chest":17,"minecraft:crouch_one_cm":24739,"minecraft:play_time":177241,"minecraft:deaths":3,"minecraft:sneak_time":10134,"minecraft:walk_under_water_one_cm":11315,"minecraft:jump":2558,"minecraft:interact_with_blast_furnace":19,"minecraft:walk_on_water_one_cm":20805,"minecraft:total_world_time":177241,"minecraft:interact_with_smoker":20,"minecraft:fall_one_cm":68012},"minecraft:picked_up":{"minecraft:charcoal":6,"minecraft:crafting_table":7,"minecraft:wheat":1,"minecraft:glow_ink_sac":1,"minecraft:leather":16,"minecraft:smithing_table":2,"minecraft:wooden_pickaxe":1,"minecraft:smoker":6,"minecraft:potato":103,"minecraft:brewing_stand":2,"minecraft:gunpowder":1,"minecraft:dirt":29,"minecraft:bone":4,"minecraft:kelp":7,"minecraft:wheat_seeds":10,"minecraft:cobbled_deepslate":8,"minecraft:raw_gold":6,"minecraft:rabbit_hide":2,"minecraft:spruce_planks":26,"minecraft:beef":30,"minecraft:stone_pickaxe":1,"minecraft:sugar_cane":45,"minecraft:furnace":8,"minecraft:egg":1,"minecraft:stick":8,"minecraft:raw_iron":38,"minecraft:sweet_berries":6,"minecraft:dandelion":1,"minecraft:raw_iron_block":1,"minecraft:gravel":2,"minecraft:porkchop":39,"minecraft:spruce_sapling":10,"minecraft:blast_furnace":5,"minecraft:diorite":1,"minecraft:spruce_log":66,"minecraft:carrot":18,"minecraft:redstone":9,"minecraft:barrel":10,"minecraft:purple_bed":2,"minecraft:rotten_flesh":6,"minecraft:diamond":8,"minecraft:stone_axe":1,"minecraft:emerald":2,"minecraft:netherrack":10,"minecraft:coal":96,"minecraft:snowball":3,"minecraft:cobblestone":102},"minecraft:killed":{"minecraft:pig":24,"minecraft:witch":1,"minecraft:spider":2,"minecraft:creeper":1,"minecraft:skeleton":2,"minecraft:zombie":12,"minecraft:cow":16},"minecraft:killed_by":{"minecraft:skeleton":1,"minecraft:zombie":1,"minecraft:enderman":1},"minecraft:crafted":{"minecraft:cooked_beef":27,"minecraft:cooked_porkchop":29,"minecraft:crafting_table":2,"minecraft:spruce_planks":32,"minecraft:wooden_pickaxe":1,"minecraft:iron_helmet":1,"minecraft:furnace":1,"minecraft:stone_axe":1,"minecraft:air":0,"minecraft:iron_boots":1,"minecraft:iron_chestplate":1,"minecraft:charcoal":4,"minecraft:shield":1,"minecraft:iron_axe":1,"minecraft:stick":12,"minecraft:iron_ingot":36,"minecraft:iron_pickaxe":1,"minecraft:stone_pickaxe":1,"minecraft:iron_leggings":1},"minecraft:used":{"minecraft:stone_pickaxe":131,"minecraft:wooden_pickaxe":27,"minecraft:shield":18,"minecraft:dirt":10,"minecraft:crafting_table":6,"minecraft:blast_furnace":3,"minecraft:smoker":5,"minecraft:bread":2,"minecraft:iron_pickaxe":38,"minecraft:iron_axe":136,"minecraft:gravel":2,"minecraft:barrel":4,"minecraft:stone_axe":36,"minecraft:cobblestone":29,"minecraft:purple_bed":1,"minecraft:furnace":3,"minecraft:cooked_porkchop":7,"minecraft:cooked_beef":8,"minecraft:potato":2}},"DataVersion":3218}